{"v":"4.8.0","meta":{"g":"LottieFiles AE ","a":"","k":"","d":"","tc":""},"fr":29.9700012207031,"ip":0,"op":36.0000014663101,"w":101,"h":84,"nm":"Network","ddd":0,"assets":[],"layers":[{"ddd":0,"ind":1,"ty":4,"nm":"4 Outlines","sr":1,"ks":{"o":{"a":1,"k":[{"i":{"x":[0.667],"y":[1]},"o":{"x":[1],"y":[0]},"t":6,"s":[0]},{"t":30.0000012219251,"s":[98]}],"ix":11},"r":{"a":0,"k":0,"ix":10},"p":{"a":0,"k":[50.154,15.313,0],"ix":2},"a":{"a":0,"k":[50.873,15.563,0],"ix":1},"s":{"a":0,"k":[100,100,100],"ix":6}},"ao":0,"shapes":[{"ty":"gr","it":[{"ind":0,"ty":"sh","ix":1,"ks":{"a":0,"k":{"i":[[0,0],[-13.246,-13.093],[1.754,-2.246],[3.211,2.008],[0,0],[0.785,0.761],[21.992,-19.288],[2.918,0.196],[0.918,1.899],[-1.227,1.609],[0,0],[-0.672,0.579],[-17.132,0.297]],"o":[[19.117,0.258],[2.742,2.711],[-1.789,2.293],[0,0],[-0.914,-0.59],[-21.102,-20.117],[-2.129,1.867],[-2.039,-0.14],[-0.941,-1.953],[0,0],[0.555,-0.696],[13.203,-11.848],[0,0]],"v":[[-1.189,-15.312],[47.151,4.547],[48.768,12.766],[40.206,13.305],[40.202,13.309],[37.647,11.274],[-37.814,9.789],[-45.185,12.734],[-49.783,9.82],[-48.935,4.477],[-48.931,4.477],[-47.087,2.566],[-1.189,-15.313]],"c":true},"ix":2},"nm":"Path 1","mn":"ADBE Vector Shape - Group","hd":false},{"ty":"fl","c":{"a":0,"k":[0.9725490196078431,0.9058823529411765,0.10980392156862745,1],"ix":4},"o":{"a":0,"k":100,"ix":5},"r":1,"bm":0,"nm":"Fill 1","mn":"ADBE Vector Graphic - Fill","hd":false},{"ty":"tr","p":{"a":0,"k":[50.974,15.563],"ix":2},"a":{"a":0,"k":[0,0],"ix":1},"s":{"a":0,"k":[100,100],"ix":3},"r":{"a":0,"k":0,"ix":6},"o":{"a":0,"k":100,"ix":7},"sk":{"a":0,"k":0,"ix":4},"sa":{"a":0,"k":0,"ix":5},"nm":"Transform"}],"nm":"Group 1","np":4,"cix":2,"bm":0,"ix":1,"mn":"ADBE Vector Group","hd":false}],"ip":0,"op":900.000036657751,"st":0,"bm":0},{"ddd":0,"ind":2,"ty":4,"nm":"3 Outlines","sr":1,"ks":{"o":{"a":1,"k":[{"i":{"x":[0.667],"y":[1]},"o":{"x":[1],"y":[0]},"t":6,"s":[0]},{"t":22.0000008960784,"s":[98]}],"ix":11},"r":{"a":0,"k":0,"ix":10},"p":{"a":0,"k":[51.154,34.98,0],"ix":2},"a":{"a":0,"k":[37.175,12.451,0],"ix":1},"s":{"a":0,"k":[100,100,100],"ix":6}},"ao":0,"shapes":[{"ty":"gr","it":[{"ind":0,"ty":"sh","ix":1,"ks":{"a":0,"k":{"i":[[0,0],[-9.683,-7.977],[-0.574,-1.477],[1.414,-1.629],[2.047,0.457],[1.649,1.469],[13.879,-10.613],[1.179,-1.032],[2.473,0.195],[-0.882,3.094],[0,0],[-1.23,1.097],[-12.629,0.186]],"o":[[13.168,0.266],[1.215,1],[0.735,1.879],[-1.449,1.664],[-2.199,-0.492],[-13.133,-11.754],[-1.242,0.953],[-1.813,1.585],[-3.222,-0.258],[0,0],[0.465,-1.586],[9.481,-8.711],[0,0]],"v":[[-0.32,-12.202],[33.422,1.025],[36.074,4.861],[35.512,10.26],[30.074,11.745],[24.535,8.424],[-21.949,6.471],[-25.512,9.542],[-31.833,11.917],[-36.044,5.846],[-36.036,5.854],[-33.445,1.753],[-0.32,-12.201]],"c":true},"ix":2},"nm":"Path 1","mn":"ADBE Vector Shape - Group","hd":false},{"ty":"fl","c":{"a":0,"k":[0.9725490196078431,0.9058823529411765,0.10980392156862745,1],"ix":4},"o":{"a":0,"k":100,"ix":5},"r":1,"bm":0,"nm":"Fill 1","mn":"ADBE Vector Graphic - Fill","hd":false},{"ty":"tr","p":{"a":0,"k":[37.175,12.452],"ix":2},"a":{"a":0,"k":[0,0],"ix":1},"s":{"a":0,"k":[100,100],"ix":3},"r":{"a":0,"k":0,"ix":6},"o":{"a":0,"k":100,"ix":7},"sk":{"a":0,"k":0,"ix":4},"sa":{"a":0,"k":0,"ix":5},"nm":"Transform"}],"nm":"Group 1","np":2,"cix":2,"bm":0,"ix":1,"mn":"ADBE Vector Group","hd":false}],"ip":0,"op":900.000036657751,"st":0,"bm":0},{"ddd":0,"ind":3,"ty":4,"nm":"2 Outlines","sr":1,"ks":{"o":{"a":1,"k":[{"i":{"x":[0.667],"y":[1]},"o":{"x":[1],"y":[0]},"t":6,"s":[0]},{"t":14.0000005702317,"s":[100]}],"ix":11},"r":{"a":0,"k":0,"ix":10},"p":{"a":0,"k":[50.973,55.401,0],"ix":2},"a":{"a":0,"k":[23.344,9.743,0],"ix":1},"s":{"a":0,"k":[100,100,100],"ix":6}},"ao":0,"shapes":[{"ty":"gr","it":[{"ind":0,"ty":"sh","ix":1,"ks":{"a":0,"k":{"i":[[-9.258,-0.012],[-4.695,-4.946],[0.657,-2.563],[2.735,2.532],[9.032,-7.496],[2.011,1.617],[-1.336,2.492],[-1.172,0.958]],"o":[[6.82,0.125],[1.656,1.73],[-0.828,3.265],[-8.515,-7.89],[-2.519,2.094],[-2.016,-1.614],[0.722,-1.344],[5.168,-4.207]],"v":[[2.289,-9.48],[20.289,-1.555],[22.437,4.695],[14.945,6.96],[-14.446,6.508],[-20.594,7.156],[-21.758,0.32],[-18.805,-3.04]],"c":true},"ix":2},"nm":"Path 1","mn":"ADBE Vector Shape - Group","hd":false},{"ty":"fl","c":{"a":0,"k":[0.9725490196078431,0.9058823529411765,0.10980392156862745,1],"ix":4},"o":{"a":0,"k":100,"ix":5},"r":1,"bm":0,"nm":"Fill 1","mn":"ADBE Vector Graphic - Fill","hd":false},{"ty":"tr","p":{"a":0,"k":[23.344,9.742],"ix":2},"a":{"a":0,"k":[0,0],"ix":1},"s":{"a":0,"k":[100,100],"ix":3},"r":{"a":0,"k":0,"ix":6},"o":{"a":0,"k":100,"ix":7},"sk":{"a":0,"k":0,"ix":4},"sa":{"a":0,"k":0,"ix":5},"nm":"Transform"}],"nm":"Group 1","np":2,"cix":2,"bm":0,"ix":1,"mn":"ADBE Vector Group","hd":false}],"ip":0,"op":900.000036657751,"st":0,"bm":0},{"ddd":0,"ind":4,"ty":4,"nm":"1 Outlines","sr":1,"ks":{"o":{"a":0,"k":100,"ix":11},"r":{"a":0,"k":0,"ix":10},"p":{"a":0,"k":[50.659,41.718,0],"ix":2},"a":{"a":0,"k":[50.873,41.659,0],"ix":1},"s":{"a":0,"k":[100,100,100],"ix":6}},"ao":0,"shapes":[{"ty":"gr","it":[{"ind":0,"ty":"sh","ix":1,"ks":{"a":0,"k":{"i":[[0.039,-4.797],[1.566,-1.546],[2.199,0.02],[-0.078,4.715],[-4.758,-0.098]],"o":[[-0.004,2.203],[-1.563,1.547],[-4.746,-0.023],[0.078,-4.898],[4.586,0.082]],"v":[[8.352,0.281],[5.902,6.136],[0.023,8.523],[-8.312,0.07],[0.238,-8.426]],"c":true},"ix":2},"nm":"Path 1","mn":"ADBE Vector Shape - Group","hd":false},{"ty":"fl","c":{"a":0,"k":[0.9725490196078431,0.9058823529411765,0.10980392156862745,1],"ix":4},"o":{"a":0,"k":100,"ix":5},"r":1,"bm":0,"nm":"Fill 1","mn":"ADBE Vector Graphic - Fill","hd":false},{"ty":"tr","p":{"a":0,"k":[51.481,74.524],"ix":2},"a":{"a":0,"k":[0,0],"ix":1},"s":{"a":0,"k":[100,100],"ix":3},"r":{"a":0,"k":0,"ix":6},"o":{"a":0,"k":100,"ix":7},"sk":{"a":0,"k":0,"ix":4},"sa":{"a":0,"k":0,"ix":5},"nm":"Transform"}],"nm":"Group 1","np":4,"cix":2,"bm":0,"ix":1,"mn":"ADBE Vector Group","hd":false},{"ty":"gr","it":[{"ind":0,"ty":"sh","ix":1,"ks":{"a":0,"k":{"i":[[-9.258,-0.012],[-4.695,-4.946],[0.657,-2.563],[2.735,2.532],[9.032,-7.496],[2.012,1.617],[-1.336,2.492],[-1.172,0.958]],"o":[[6.82,0.125],[1.656,1.73],[-0.828,3.265],[-8.515,-7.89],[-2.519,2.094],[-2.016,-1.614],[0.722,-1.344],[5.168,-4.207]],"v":[[2.289,-9.48],[20.289,-1.555],[22.437,4.696],[14.945,6.961],[-14.446,6.508],[-20.594,7.157],[-21.758,0.321],[-18.805,-3.04]],"c":true},"ix":2},"nm":"Path 1","mn":"ADBE Vector Shape - Group","hd":false},{"ty":"fl","c":{"a":0,"k":[0.85882358925,0.886274569642,0.917647118662,1],"ix":4},"o":{"a":0,"k":100,"ix":5},"r":1,"bm":0,"nm":"Fill 1","mn":"ADBE Vector Graphic - Fill","hd":false},{"ty":"tr","p":{"a":0,"k":[51.309,55.118],"ix":2},"a":{"a":0,"k":[0,0],"ix":1},"s":{"a":0,"k":[100,100],"ix":3},"r":{"a":0,"k":0,"ix":6},"o":{"a":0,"k":100,"ix":7},"sk":{"a":0,"k":0,"ix":4},"sa":{"a":0,"k":0,"ix":5},"nm":"Transform"}],"nm":"Group 2","np":2,"cix":2,"bm":0,"ix":2,"mn":"ADBE Vector Group","hd":false},{"ty":"gr","it":[{"ind":0,"ty":"sh","ix":1,"ks":{"a":0,"k":{"i":[[0,0],[-9.683,-7.977],[-0.574,-1.477],[1.414,-1.629],[2.047,0.457],[1.649,1.469],[13.879,-10.613],[1.179,-1.032],[2.473,0.195],[-0.883,3.094],[0,0],[-1.23,1.097],[-12.629,0.187]],"o":[[13.168,0.266],[1.215,1],[0.735,1.879],[-1.449,1.664],[-2.199,-0.492],[-13.133,-11.754],[-1.242,0.953],[-1.813,1.586],[-3.222,-0.258],[0,0],[0.465,-1.586],[9.481,-8.711],[0,0]],"v":[[-0.32,-12.202],[33.422,1.025],[36.074,4.861],[35.512,10.26],[30.074,11.745],[24.535,8.424],[-21.949,6.471],[-25.511,9.542],[-31.832,11.917],[-36.042,5.846],[-36.035,5.854],[-33.445,1.753],[-0.32,-12.201]],"c":true},"ix":2},"nm":"Path 1","mn":"ADBE Vector Shape - Group","hd":false},{"ty":"fl","c":{"a":0,"k":[0.85882358925,0.886274569642,0.917647118662,1],"ix":4},"o":{"a":0,"k":100,"ix":5},"r":1,"bm":0,"nm":"Fill 1","mn":"ADBE Vector Graphic - Fill","hd":false},{"ty":"tr","p":{"a":0,"k":[51.462,34.679],"ix":2},"a":{"a":0,"k":[0,0],"ix":1},"s":{"a":0,"k":[100,100],"ix":3},"r":{"a":0,"k":0,"ix":6},"o":{"a":0,"k":100,"ix":7},"sk":{"a":0,"k":0,"ix":4},"sa":{"a":0,"k":0,"ix":5},"nm":"Transform"}],"nm":"Group 3","np":2,"cix":2,"bm":0,"ix":3,"mn":"ADBE Vector Group","hd":false},{"ty":"gr","it":[{"ind":0,"ty":"sh","ix":1,"ks":{"a":0,"k":{"i":[[0,0],[-13.246,-13.093],[1.754,-2.246],[3.211,2.008],[0,0],[0.785,0.761],[21.992,-19.288],[2.918,0.196],[0.918,1.899],[-1.227,1.609],[0,0],[-0.672,0.579],[-17.132,0.297]],"o":[[19.117,0.258],[2.742,2.711],[-1.789,2.293],[0,0],[-0.914,-0.59],[-21.102,-20.117],[-2.129,1.867],[-2.039,-0.14],[-0.941,-1.953],[0,0],[0.555,-0.696],[13.203,-11.848],[0,0]],"v":[[-0.702,-15.312],[47.638,4.547],[49.255,12.766],[40.693,13.305],[40.689,13.309],[38.134,11.274],[-37.327,9.789],[-44.698,12.734],[-49.296,9.82],[-48.448,4.477],[-48.444,4.477],[-46.6,2.566],[-0.702,-15.313]],"c":true},"ix":2},"nm":"Path 1","mn":"ADBE Vector Shape - Group","hd":false},{"ty":"fl","c":{"a":0,"k":[0.85882358925,0.886274569642,0.917647118662,1],"ix":4},"o":{"a":0,"k":100,"ix":5},"r":1,"bm":0,"nm":"Fill 1","mn":"ADBE Vector Graphic - Fill","hd":false},{"ty":"tr","p":{"a":0,"k":[50.487,15.563],"ix":2},"a":{"a":0,"k":[0,0],"ix":1},"s":{"a":0,"k":[100,100],"ix":3},"r":{"a":0,"k":0,"ix":6},"o":{"a":0,"k":100,"ix":7},"sk":{"a":0,"k":0,"ix":4},"sa":{"a":0,"k":0,"ix":5},"nm":"Transform"}],"nm":"Group 4","np":4,"cix":2,"bm":0,"ix":4,"mn":"ADBE Vector Group","hd":false}],"ip":0,"op":900.000036657751,"st":0,"bm":0}],"markers":[]}