{"v":"5.0.1","fr":30,"ip":0,"op":60,"w":60,"h":60,"ddd":0,"assets":[],"layers":[{"ind":1,"nm":"Ukrain","ks":{"p":{"a":0,"k":[30,30]},"a":{"a":0,"k":[161.229,161.118,0]},"s":{"a":1,"k":[{"t":0,"s":[60,67.096,100],"i":{"x":[0.833],"y":[0.833]},"o":{"x":[0.167],"y":[0.167]},"e":[50,55.875,100]},{"t":30,"s":[50,55.875,100],"i":{"x":[0.833],"y":[0.833]},"o":{"x":[0.167],"y":[0.167]},"e":[60,67.08,100]},{"t":60,"s":[60,67.08,100]}]},"r":{"a":0,"k":0},"o":{"a":0,"k":100}},"ao":0,"ip":0,"op":60,"st":0,"bm":0,"sr":1,"ty":4,"shapes":[{"ty":"gr","it":[{"ty":"gr","it":[{"ty":"sh","d":1,"ks":{"a":0,"k":{"i":[[0,0],[1.231,-1.754],[13.342,-6.338],[6.227,9.506],[0.876,1.742],[0,0]],"o":[[-0.876,1.742],[-6.226,9.506],[-13.341,-6.338],[-1.231,-1.754],[0,0],[0,0]],"v":[[89.627,50.354],[86.459,55.604],[50.881,80.954],[15.303,55.604],[12.136,50.354],[89.627,50.354]],"c":true},"hd":false}},{"ty":"fl","c":{"a":0,"k":[1,0.843,0,1]},"hd":false,"o":{"a":0,"k":100},"r":2},{"ty":"tr","p":{"a":0,"k":[50.882,65.654]},"a":{"a":0,"k":[50.882,65.654]},"s":{"a":0,"k":[100,100]},"r":{"a":0,"k":0},"o":{"a":0,"k":100},"sk":{"a":0,"k":0},"sa":{"a":0,"k":0}}],"nm":"Object","hd":false},{"ty":"tr","p":{"a":0,"k":[161.229,179.513]},"a":{"a":0,"k":[50.882,65.654]},"s":{"a":0,"k":[109.194,120.225]},"r":{"a":0,"k":0},"o":{"a":0,"k":100},"sk":{"a":0,"k":0},"sa":{"a":0,"k":0}}],"nm":"Object","hd":false},{"ty":"gr","it":[{"ty":"gr","it":[{"ty":"sh","d":1,"ks":{"a":0,"k":{"i":[[0,0],[-8.894,-6.337],[8.895,-12.674],[13.342,-6.338],[6.227,9.506],[-8.894,6.337],[-8.894,-12.674]],"o":[[8.895,-12.674],[8.895,6.337],[-6.226,9.506],[-13.341,-6.338],[-8.894,-12.674],[8.895,-6.337],[0,0]],"v":[[50.881,30.255],[86.459,23.918],[86.459,55.604],[50.881,80.954],[15.303,55.604],[15.303,23.918],[50.881,30.255]],"c":true},"hd":false}},{"ty":"fl","c":{"a":0,"k":[0,0.341,0.722,1]},"hd":false,"o":{"a":0,"k":100},"r":2},{"ty":"tr","p":{"a":0,"k":[50.881,50.355]},"a":{"a":0,"k":[50.881,50.355]},"s":{"a":0,"k":[100,100]},"r":{"a":0,"k":0},"o":{"a":0,"k":100},"sk":{"a":0,"k":0},"sa":{"a":0,"k":0}}],"nm":"Object","hd":false},{"ty":"tr","p":{"a":0,"k":[161.228,161.119]},"a":{"a":0,"k":[50.881,50.355]},"s":{"a":0,"k":[109.194,120.225]},"r":{"a":0,"k":0},"o":{"a":0,"k":100},"sk":{"a":0,"k":0},"sa":{"a":0,"k":0}}],"nm":"Object","hd":false}],"ln":"Ukrain"}],"markers":[]}