{"v":"5.1.9","fr":60,"ip":0,"op":61,"w":48,"h":48,"nm":"main_libary_shelf_icon_sync","ddd":0,"assets":[],"layers":[{"ddd":0,"ind":1,"ty":4,"nm":"main_library_shelf_icon_sync Outlines","sr":1,"ks":{"o":{"a":0,"k":100,"ix":11},"r":{"a":1,"k":[{"i":{"x":[0.465],"y":[0.862]},"o":{"x":[0.315],"y":[0]},"n":["0p465_0p862_0p315_0"],"t":0,"s":[0],"e":[360]},{"t":61}],"ix":10},"p":{"a":0,"k":[24,24,0],"ix":2},"a":{"a":0,"k":[24,24,0],"ix":1},"s":{"a":0,"k":[100,100,100],"ix":6}},"ao":0,"shapes":[{"ty":"gr","it":[{"ind":0,"ty":"sh","ix":1,"ks":{"a":0,"k":{"i":[[3.277,0],[0,6.567],[0,0],[0,0],[0,0],[0,0],[-8.822,0],[-3.039,3.114],[0,0]],"o":[[-6.617,0],[0,0],[0,0],[0,0],[0,0],[0,8.757],[4.371,0],[0,0],[-2.281,2.336]],"v":[[4.255,6.948],[-7.745,-5.095],[-3.745,-5.095],[-9.745,-10.919],[-15.745,-5.095],[-11.745,-5.095],[4.255,10.919],[15.745,6.089],[12.874,3.325]],"c":true},"ix":2},"nm":"Path 1","mn":"ADBE Vector Shape - Group","hd":false},{"ty":"fl","c":{"a":0,"k":[0.9725490196078431,0.9058823529411765,0.10980392156862745,1],"ix":4},"o":{"a":0,"k":100,"ix":5},"r":1,"nm":"Fill 1","mn":"ADBE Vector Graphic - Fill","hd":false},{"ty":"tr","p":{"a":0,"k":[19.745,29.096],"ix":2},"a":{"a":0,"k":[0,0],"ix":1},"s":{"a":0,"k":[100,100],"ix":3},"r":{"a":0,"k":0,"ix":6},"o":{"a":0,"k":100,"ix":7},"sk":{"a":0,"k":0,"ix":4},"sa":{"a":0,"k":0,"ix":5},"nm":"Transform"}],"nm":"Group 1","np":2,"cix":2,"ix":1,"mn":"ADBE Vector Group","hd":false},{"ty":"gr","it":[{"ind":0,"ty":"sh","ix":1,"ks":{"a":0,"k":{"i":[[0,0],[8.822,0],[3.041,-3.114],[0,0],[-3.277,0],[0,-6.568],[0,0],[0,0],[0,0]],"o":[[0,-8.757],[-4.369,0],[0,0],[2.281,-2.336],[6.617,0],[0,0],[0,0],[0,0],[0,0]],"v":[[11.745,5.097],[-4.255,-10.919],[-15.745,-6.089],[-12.874,-3.326],[-4.255,-6.948],[7.745,5.097],[3.745,5.097],[9.745,10.919],[15.745,5.097]],"c":true},"ix":2},"nm":"Path 1","mn":"ADBE Vector Shape - Group","hd":false},{"ty":"fl","c":{"a":0,"k":[0.9725490196078431,0.9058823529411765,0.10980392156862745,1],"ix":4},"o":{"a":0,"k":100,"ix":5},"r":1,"nm":"Fill 1","mn":"ADBE Vector Graphic - Fill","hd":false},{"ty":"tr","p":{"a":0,"k":[28.255,18.903],"ix":2},"a":{"a":0,"k":[0,0],"ix":1},"s":{"a":0,"k":[100,100],"ix":3},"r":{"a":0,"k":0,"ix":6},"o":{"a":0,"k":100,"ix":7},"sk":{"a":0,"k":0,"ix":4},"sa":{"a":0,"k":0,"ix":5},"nm":"Transform"}],"nm":"Group 2","np":2,"cix":2,"ix":2,"mn":"ADBE Vector Group","hd":false}],"ip":0,"op":61,"st":0,"bm":0}],"markers":[]}